exercise_id,category,common_mistakes,created_at,description,difficulty,equipment,form_tips,image_url,instructions,muscle_groups,name,updated_at,variations,video_url
71234f2a-1c3f-4d69-8a2b-28b9d2f01234,Pilates,"Arching the back, holding breath, rushing the movement",2023-07-15T10:00:00Z,"The Hundred is a foundational Pilates exercise that warms up the body, engages the core, and stimulates circulation.",Beginner,Mat,"Keep your abs drawn in, maintain a neutral spine, breathe rhythmically with the arm pumps",https://example.com/images/hundred.jpg,"1. Lie on your back with knees bent and feet flat. 2. Lift your head and shoulders off the mat. 3. Extend legs to a 45-degree angle. 4. Pump arms up and down while inhaling for 5 counts and exhaling for 5 counts. 5. Complete 10 sets (100 counts total).",["Abdominals","Shoulders","Hip Flexors"],The Hundred,2023-07-15T10:00:00Z,"For beginners: Keep knees bent at 90 degrees. For advanced: Lower legs closer to the mat while maintaining proper form.",https://example.com/videos/hundred.mp4
9a87b654-c3d2-45e6-8f90-123456789012,Pilates,"Rushing the rolling motion, straining the neck, using momentum instead of control",2023-07-15T10:00:00Z,"Roll Up is a precise movement that strengthens the abdominals while stretching the back and hamstrings.",Intermediate,Mat,"Focus on articulating through each vertebra, keep shoulders relaxed and away from ears, use control rather than momentum",https://example.com/images/rollup.jpg,"1. Lie on your back with arms extended overhead. 2. Inhale to prepare. 3. Exhale as you roll up one vertebra at a time, reaching toward your toes. 4. Inhale at the top. 5. Exhale as you roll back down with control.",["Abdominals","Spinal Extensors","Hamstrings"],Roll Up,2023-07-15T10:00:00Z,"Beginners can bend knees slightly or use hands behind thighs for assistance. Advanced practitioners can add a pause at the top or perform with straight legs and arms overhead.",https://example.com/videos/rollup.mp4
b1c2d3e4-f5e6-7a8b-9c0d-123456789012,Pilates,"Lifting shoulders, tucking chin too much, using arm strength instead of abdominal control",2023-07-15T10:00:00Z,"Single Leg Circles strengthen the abdominals while improving hip mobility and leg control.",Beginner,Mat,"Keep your pelvis stable throughout the movement, maintain a neutral spine, and focus on using your abdominals to control the movement rather than momentum",https://example.com/images/single_leg_circles.jpg,"1. Lie on your back with one leg extended to the ceiling and the other leg extended along the mat. 2. Circle the raised leg in a controlled manner, making a small circle. 3. Perform 5-10 circles in one direction, then reverse.",["Abdominals","Hip Flexors","Adductors","Hamstrings"],Single Leg Circles,2023-07-15T10:00:00Z,"Beginners can bend the stationary leg or make smaller circles. Advanced practitioners can perform larger circles or add ankle weights.",https://example.com/videos/single_leg_circles.mp4
c5d6e7f8-a9b0-1c2d-3e4f-123456789012,Pilates,"Collapsing chest, dropping head, arching low back",2023-07-15T10:00:00Z,"Rolling Like a Ball massages the spine, develops balance, and strengthens the abdominals.",Beginner,Mat,"Find your balance point, keep elbows wide, maintain a C-curve shape throughout",https://example.com/images/rolling_like_a_ball.jpg,"1. Sit with knees bent, feet off the mat, and hands holding behind thighs. 2. Round your back into a C-curve. 3. Inhale as you roll back to your shoulder blades. 4. Exhale as you roll back up to the starting position, without letting your feet touch the mat.",["Abdominals","Spinal Flexors","Balance"],Rolling Like a Ball,2023-07-15T10:00:00Z,"Beginners can place hands on ankles for more support. Advanced practitioners can place hands behind head or extend arms forward.",https://example.com/videos/rolling_like_a_ball.mp4
d7e8f9a0-b1c2-3d4e-5f6a-123456789012,Pilates,"Raising shoulders, collapsing chest, not engaging abdominals properly",2023-07-15T10:00:00Z,"Single Leg Stretch targets the abdominal muscles while improving coordination and breath control.",Intermediate,Mat,"Keep shoulder blades on the mat, maintain a stable pelvis, and coordinate breath with movement",https://example.com/images/single_leg_stretch.jpg,"1. Lie on your back, lift head and shoulders off the mat. 2. Bring both knees toward chest. 3. Extend one leg while pulling the other knee in with both hands. 4. Switch legs in a fluid motion, coordinating with breath.",["Abdominals","Hip Flexors","Obliques"],Single Leg Stretch,2023-07-15T10:00:00Z,"Beginners can keep head and shoulders on the mat. Advanced practitioners can lift higher or extend legs lower to increase intensity.",https://example.com/videos/single_leg_stretch.mp4
e9f0a1b2-c3d4-5e6f-7a8b-123456789012,Pilates,"Allowing hips to rock, dropping knees to sides, holding breath",2023-07-15T10:00:00Z,"Double Leg Stretch intensifies core engagement while coordinating arm and leg movements.",Advanced,Mat,"Keep lower back pressed into mat, maintain stable core throughout, coordinate breath with movement pattern",https://example.com/images/double_leg_stretch.jpg,"1. Lie on back with knees to chest, head and shoulders lifted. 2. Inhale as you extend arms overhead and legs out to 45 degrees. 3. Exhale as you circle arms around and return to starting position.",["Abdominals","Hip Flexors","Shoulders","Lats"],Double Leg Stretch,2023-07-15T10:00:00Z,"Intermediate practitioners can bring legs higher or bend knees slightly. Beginners should master Single Leg Stretch first.",https://example.com/videos/double_leg_stretch.mp4
f1a2b3c4-d5e6-7f8a-9b0c-123456789012,Pilates,"Lifting shoulders toward ears, twisting from shoulders instead of waist, rushing the movement",2023-07-15T10:00:00Z,"Spine Twist strengthens obliques and rotational core muscles while improving spinal mobility.",Beginner,Mat,"Sit tall with a lengthened spine, initiate the twist from your waist not shoulders, keep hips anchored throughout",https://example.com/images/spine_twist.jpg,"1. Sit tall with legs extended in front, slightly apart. 2. Extend arms out to sides at shoulder height. 3. Inhale to prepare, then exhale as you twist torso to one side. 4. Inhale to center, then exhale to twist to the other side.",["Obliques","Spinal Rotators","Core"],Spine Twist,2023-07-15T10:00:00Z,"Beginners can perform with crossed legs. Advanced practitioners can perform with legs together or raised slightly off mat.",https://example.com/videos/spine_twist.mp4
a3b4c5d6-e7f8-9a0b-1c2d-123456789012,Pilates,"Collapsing chest, hunching shoulders, hyperextending spine",2023-07-15T10:00:00Z,"Swimming strengthens the entire posterior chain while developing coordination and back extension.",Advanced,Mat,"Keep neck long, engage lower abdominals to support lower back, focus on length rather than height",https://example.com/images/swimming.jpg,"1. Lie on stomach with arms extended overhead and legs straight. 2. Lift arms, chest, and legs off mat. 3. Flutter opposite arm and leg in a controlled swimming motion. 4. Breathe normally throughout.",["Erector Spinae","Glutes","Hamstrings","Shoulders"],Swimming,2023-07-15T10:00:00Z,"Intermediate practitioners can lift just arms or just legs. Beginners should master single limb lifts before attempting.",https://example.com/videos/swimming.mp4
a5b6c7d8-e9f0-1a2b-3c4d-123456789012,Pilates,"Holding breath, using momentum, losing core engagement",2023-07-15T10:00:00Z,"Teaser is one of the most challenging Pilates exercises, requiring exceptional core strength and control.",Advanced,Mat,"Keep your chest open, shoulders down, and focus on using your deep abdominals to control the movement",https://example.com/images/teaser.jpg,"1. Lie on back with legs extended at 45 degrees, arms overhead. 2. Inhale to prepare. 3. Exhale as you roll up, bringing arms parallel to legs. 4. Hold in V-position. 5. Roll down with control.",["Abdominals","Hip Flexors","Spinal Extensors"],Teaser,2023-07-15T10:00:00Z,"Intermediate practitioners can perform with bent knees or one leg at a time. Beginners should build up with modified versions.",https://example.com/videos/teaser.mp4
a7b8c9d0-e1f2-3a4b-5c6d-123456789012,Pilates,"Raising hips, arching back, not engaging core",2023-07-15T10:00:00Z,"Pilates Plank builds full-body strength with emphasis on core stabilization.",Intermediate,Mat,"Keep shoulders away from ears, engage abdominals to support spine, maintain a straight line from head to heels",https://example.com/images/pilates_plank.jpg,"1. Begin in hands and knees position. 2. Step feet back to plank position, aligning shoulders over wrists. 3. Draw navel to spine and hold position with proper alignment. 4. Hold for 30-60 seconds, breathing normally.",["Abdominals","Shoulders","Chest","Arms","Glutes"],Pilates Plank,2023-07-15T10:00:00Z,"Beginners can perform from knees. Advanced practitioners can add leg lifts or arm reaches.",https://example.com/videos/pilates_plank.mp4
a9b0c1d2-e3f4-5a6b-7c8d-123456789012,Pilates,"Rushing the roll, using momentum, losing C-curve",2023-07-15T10:00:00Z,"Seal is an advanced rolling exercise that massages the spine, challenges balance, and requires deep core control.",Advanced,Mat,"Maintain deep C-curve, clap feet 3 times in air, control the roll back and forth using abdominals",https://example.com/images/seal.jpg,"1. Sit balanced on sit bones, knees bent wide, feet together. 2. Thread arms under legs, grasp outside of ankles. 3. Round spine into C-curve. 4. Inhale, roll back to shoulder blades, clapping feet 3 times. 5. Exhale, roll back up to balance without feet touching mat.",["Abdominals","Spinal Flexors","Balance","Hip Flexors"],Seal,2023-07-15T10:00:00Z,"Intermediate can practice Rolling Like a Ball. Beginners should master basic core control first.",https://example.com/videos/seal.mp4
11223344-aabb-ccdd-eeff-123456789018,Pilates,"Collapsing shoulder, hiking hip, using momentum",2023-07-15T10:00:00Z,"Side Bend prepares the body for more advanced side-lying work by strengthening the obliques and shoulder stabilizers.",Intermediate,Mat,"Lift from obliques not shoulder, keep hips stacked, maintain long line from head to feet",https://example.com/images/side_bend.jpg,"1. Sit sideways with legs stacked or staggered, bottom hand supporting on mat. 2. Lift hips off mat, supporting weight on hand and feet/knee. 3. Reach top arm overhead. 4. Lower hips with control. Repeat other side.",["Obliques","Shoulders","Core","Gluteus Medius"],Side Bend,2023-07-15T10:00:00Z,"Beginners can perform from forearm or bent knee. Advanced can lift top leg or add rotation.",https://example.com/videos/side_bend.mp4
22334455-bbcc-ddee-ff00-123456789019,Pilates,"Losing control, rushing sequence, improper transitions",2023-07-15T10:00:00Z,"Boomerang is a highly coordinated exercise linking Roll Over, Teaser, and arm circles, demanding core strength and fluidity.",Advanced,Mat,"Maintain core engagement throughout, flow smoothly between positions, keep legs together",https://example.com/images/boomerang.jpg,"1. Start seated like Roll Up end position. 2. Roll back, crossing ankles, legs parallel to floor (Roll Over). 3. Uncross ankles, roll up into Teaser position. 4. Lower legs, circle arms back, hinge forward. 5. Return to start.",["Abdominals","Hip Flexors","Spinal Articulators","Core Control"],Boomerang,2023-07-15T10:00:00Z,"Requires mastery of Roll Over and Teaser. Practice components separately before combining.",https://example.com/videos/boomerang.mp4
33445566-ccdd-eeff-0011-123456789020,Pilates,"Wobbling, dropping leg, losing spinal length",2023-07-15T10:00:00Z,"Control Balance challenges core stability, balance, and flexibility as one leg extends overhead while the torso is inverted.",Advanced,Mat,"Keep hips high and square, maintain length through spine, use core to stabilize not hands",https://example.com/images/control_balance.jpg,"1. From Roll Over position, grasp one ankle. 2. Extend other leg straight towards ceiling. 3. Maintain balance on shoulders, using core control. 4. Switch legs with control.",["Core","Balance","Hamstrings","Shoulders","Glutes"],Control Balance,2023-07-15T10:00:00Z,"Requires strong Roll Over and core stabilization. Practice with support or reduced range initially.",https://example.com/videos/control_balance.mp4
44556677-ddee-ff00-1122-123456789021,Pilates,"Using momentum, hunching shoulders, bending knees too much",2023-07-15T10:00:00Z,"Open Leg Rocker improves balance, core control, and hamstring flexibility while massaging the spine.",Intermediate,Mat,"Maintain lifted chest and long spine, balance on sit bones, control the rocking motion with abdominals",https://example.com/images/open_leg_rocker.jpg,"1. Sit balanced holding ankles or calves, legs extended in V-shape. 2. Keep spine long, chest open. 3. Inhale, roll back to shoulder blades maintaining leg shape. 4. Exhale, roll back up to balance.",["Abdominals","Balance","Hamstrings","Hip Flexors","Spinal Articulators"],Open Leg Rocker,2023-07-15T10:00:00Z,"Beginners can practice with bent knees or holding behind thighs. Advanced can keep legs straighter and closer together.",https://example.com/videos/open_leg_rocker.mp4
55667788-eeff-0011-2233-123456789022,Pilates,"Rounding from lower back, dropping head, pulling with arms",2023-07-15T10:00:00Z,"Spine Stretch Forward focuses on articulating the spine into forward flexion, stretching the back and hamstrings.",Beginner,Mat,"Sit tall, initiate forward curve from upper spine, reach forward through crown of head not hands",https://example.com/images/spine_stretch_forward.jpg,"1. Sit tall with legs extended hip-width apart, feet flexed. 2. Inhale, lift arms forward parallel to floor. 3. Exhale, round spine forward vertebra by vertebra, reaching forward. 4. Inhale, stack spine back up to starting position.",["Spinal Flexors","Hamstrings","Erector Spinae (stretch)","Abdominals (support)"],Spine Stretch Forward,2023-07-15T10:00:00Z,"Sit on cushion if hamstrings are tight. Focus on articulation rather than depth of stretch.",https://example.com/videos/spine_stretch_forward.mp4
66778899-ff00-1122-3344-123456789023,Pilates,"Using momentum, losing core connection, lifting shoulders",2023-07-15T10:00:00Z,"Corkscrew challenges core control and spinal mobility through rotational leg circles from an inverted position.",Advanced,Mat,"Keep shoulders anchored, initiate movement from core, control the circle size and speed",https://example.com/images/corkscrew.jpg,"1. Lie on back, legs extended to ceiling. 2. Inhale, circle legs to one side, down, around to other side, and back to center. 3. Exhale, reverse the circle. Keep hips stable initially, then add spinal rotation for advanced variation.",["Abdominals","Obliques","Hip Flexors","Spinal Rotators"],Corkscrew,2023-07-15T10:00:00Z,"Beginners practice small circles with bent knees. Intermediate gradually increase circle size. Advanced add Roll Over entry/exit.",https://example.com/videos/corkscrew.mp4
77889900-0011-2233-4455-123456789024,Pilates,"Rocking pelvis, losing core engagement, limited range of motion",2023-07-15T10:00:00Z,"Hip Circles improve hip joint mobility and core stability, preparing for more advanced leg work.",Intermediate,Mat,"Keep pelvis stable on mat, use core to control leg movement, focus on smooth circular motion",https://example.com/images/hip_circles.jpg,"1. Lie on back, one knee bent with foot flat, other leg extended towards ceiling. 2. Stabilize pelvis. 3. Circle the extended leg across the body, down, around, and back up. 4. Perform circles in both directions. Repeat other leg.",["Hip Flexors","Adductors","Abductors","Core","Glutes (stabilizer)"],Hip Circles,2023-07-15T10:00:00Z,"Beginners make smaller circles or keep bottom leg bent. Advanced perform with both legs extended or add ankle weights.",https://example.com/videos/hip_circles_mat.mp4
88990011-1122-3344-5566-123456789025,Pilates,"Lifting shoulders, dropping head, losing abdominal connection",2023-07-15T10:00:00Z,"Swimming Prep builds strength in the back extensors and glutes in a prone position, preparing for the full Swimming exercise.",Beginner,Mat,"Keep neck long, lift from upper back not neck, reach long through limbs",https://example.com/images/swimming_prep.jpg,"1. Lie prone, forehead resting on hands or mat, legs straight. 2. Engage core. 3. Inhale, lift head, chest, arms slightly off mat. 4. Exhale, lift opposite arm and leg slightly higher. 5. Inhale, lower. Exhale, lift other pair. Continue alternating.",["Erector Spinae","Glutes","Hamstrings","Deltoids"],Swimming Prep,2023-07-15T10:00:00Z,"Focus on length and control over height. Progress to lifting both arms/legs simultaneously before attempting full Swimming.",https://example.com/videos/swimming_prep.mp4
99001122-2233-4455-6677-123456789026,Pilates,"Sinking in supporting hip, losing torso stability, kicking too high",2023-07-15T10:00:00Z,"Side Kick Kneeling strengthens the outer hip (gluteus medius) and core stabilizers from a challenging kneeling position.",Intermediate,Mat,"Keep supporting hand under shoulder, lift bottom ribs, maintain straight line from head to knee",https://example.com/images/side_kick_kneeling.jpg,"1. Kneel on one knee, other leg extended straight out to side. Place hand on floor under shoulder. 2. Lift extended leg to hip height. 3. Kick leg forward with flexed foot, then back with pointed foot. Maintain torso stability.",["Gluteus Medius","Obliques","Core","Shoulder Stabilizers"],Side Kick Kneeling,2023-07-15T10:00:00Z,"Beginners can place hand on hip instead of floor. Advanced can add circles or pulses with the leg.",https://example.com/videos/side_kick_kneeling.mp4
00112233-3344-5566-7788-123456789027,Pilates,"Dropping hips, arching back, flaring elbows wide",2023-07-15T10:00:00Z,"The Pilates Push Up integrates core stability with upper body strength, emphasizing control and proper form throughout.",Intermediate/Advanced,Mat,"Maintain plank alignment, keep elbows close to body, lower and lift with control using core and arms",https://example.com/images/pilates_pushup.jpg,"1. Start standing, roll down vertebra by vertebra. 2. Walk hands out to plank position. 3. Perform 3-5 controlled push-ups, keeping elbows narrow. 4. Pike hips up, walk hands back towards feet. 5. Roll up to stand.",["Core","Triceps","Chest","Shoulders","Serratus Anterior"],Pilates Push Up,2023-07-15T10:00:00Z,"Beginners perform push-ups on knees. Advanced can add leg lifts during plank or increase push-up reps.",https://example.com/videos/pilates_pushup.mp4
10203040-5060-7080-90a0-123456789028,Pilates,"Using neck rather than abdominals, losing C-curve, straining shoulders",2023-07-15T10:00:00Z,"Neck Pull is an advanced exercise that challenges abdominal control while articulating the spine without arm support.",Advanced,Mat,"Initiate movement from abdominals not neck or arms, maintain C-curve throughout roll-up, keep shoulders away from ears",https://example.com/images/neck_pull.jpg,"1. Lie on back, legs extended, hands behind head. 2. Inhale to prepare. 3. Exhale, curl chin to chest and roll up (like Roll Up, but hands remain behind head). 4. Inhale at top. 5. Exhale, articulate spine down to mat.",["Abdominals","Spinal Articulators","Neck Stabilizers","Hip Flexors"],Neck Pull,2023-07-15T10:00:00Z,"Requires mastery of Roll Up. Practice with hands at sides before attempting with hands behind head.",https://example.com/videos/neck_pull.mp4
20304050-6070-80a0-b0c0-123456789029,Pilates,"Lowering legs too far, collapsing chest, using momentum",2023-07-15T10:00:00Z,"Roll Over challenges core control and spinal flexibility in an inverted position, promoting circulation to the upper body.",Advanced,Mat,"Keep core engaged to control movement, maintain even weight across shoulders (not neck), keep legs together",https://example.com/images/roll_over.jpg,"1. Lie on back, legs extended to ceiling. 2. Inhale, lift hips, roll spine up and over, bringing legs overhead (but not touching floor). 3. Open legs to mat width. 4. Close legs. 5. Exhale, articulate spine down to mat.",["Abdominals","Spinal Articulators","Hip Flexors","Shoulders (stability)"],Roll Over,2023-07-15T10:00:00Z,"Beginners can use bent knees or a smaller range of motion. Advanced can add pointed/flexed feet variations.",https://example.com/videos/roll_over.mp4
30405060-7080-90a0-b0c0-123456789030,Pilates,"Rushing movement, collapsing chest, using momentum",2023-07-15T10:00:00Z,"Jackknife combines core strength, balance, and control as the legs and torso form a V-shape with the body's weight on the shoulders.",Advanced,Mat,"Keep shoulder blades stable on mat, engage core throughout, control both up and down phases",https://example.com/images/jackknife.jpg,"1. Lie on back, arms by sides, legs extended to ceiling. 2. Roll hips up, supporting lower back with hands. 3. Extend legs straight up to ceiling, forming a straight line with torso. 4. Lower legs over head, then control roll down through spine.",["Abdominals","Spinal Articulators","Hip Flexors","Shoulder Stabilizers"],Jackknife,2023-07-15T10:00:00Z,"Requires strong core and shoulder stabilizers. Master Roll Over before attempting.",https://example.com/videos/jackknife.mp4
40506070-8090-a0b0-c0d0-123456789031,Pilates,"Compressing lower back, lifting shoulders, hyperextending neck",2023-07-15T10:00:00Z,"Swan strengthens the back extensors and opens the chest while teaching proper spinal extension.",Beginner/Intermediate,Mat,"Press pubic bone into mat, lengthen through crown of head, use back muscles (not arms) to lift",https://example.com/images/swan.jpg,"1. Lie prone, hands under shoulders, elbows close to body. 2. Press pubic bone into mat, engage abdominals. 3. Inhale, use back muscles to lift chest forward and up. 4. Exhale to lower with control.",["Erector Spinae","Rhomboids","Trapezius","Pectorals (stretch)"],Swan,2023-07-15T10:00:00Z,"Beginners can limit range of extension or use forearms. Advanced can progress to Swan Dive or add arm variations.",https://example.com/videos/swan.mp4
50607080-90a0-b0c0-d0e0-123456789032,Pilates,"Dropping chest, rounding shoulders, kicking with momentum",2023-07-15T10:00:00Z,"Single Leg Kick strengthens the hamstrings and glutes while maintaining upper body stability.",Intermediate,Mat,"Keep chest lifted, elbows directly under shoulders, engage abs to support lower back, kick with control",https://example.com/images/single_leg_kick.jpg,"1. Lie prone, upper body supported on forearms with elbows under shoulders. 2. Engage core and lift chest. 3. Pulse one heel toward buttock twice with a flexed foot. 4. Lower leg, switch sides. Continue alternating.",["Hamstrings","Glutes","Core","Upper Back"],Single Leg Kick,2023-07-15T10:00:00Z,"Beginners can keep chest lower. Advanced can increase tempo slightly while maintaining form.",https://example.com/videos/single_leg_kick.mp4
60708090-a0b0-c0d0-e0f0-123456789033,Pilates,"Collapsing chest, using arms instead of back, losing alignment",2023-07-15T10:00:00Z,"Double Leg Kick strengthens the entire posterior chain while promoting thoracic extension and shoulder mobility.",Intermediate,Mat,"Keep chest lifted, maintain length through the spine, coordinate breath with movement",https://example.com/images/double_leg_kick.jpg,"1. Lie prone, head turned to one side, hands clasped behind back. 2. Pulse both heels toward buttocks three times. 3. Lift chest and extend arms back and up. 4. Lower, turn head to other side. Repeat sequence.",["Hamstrings","Erector Spinae","Gluteus Maximus","Shoulders"],Double Leg Kick,2023-07-15T10:00:00Z,"Beginners can keep hands on lower back instead of clasped. Advanced can lift higher in extension phase.",https://example.com/videos/double_leg_kick.mp4
70809010-a0b0-c0d0-e0f0-123456789034,Pilates,"Using momentum, rocking too fast, lifting head",2023-07-15T10:00:00Z,"Rocking gently massages the spine while strengthening the back extensors and deep core muscles.",Intermediate,Mat,"Maintain C-curve shape, keep movements fluid and controlled, breathe naturally throughout",https://example.com/images/rocking.jpg,"1. Start in a ball position on mat, knees drawn to chest. 2. Extend arms forward, palms down, parallel to floor. 3. Inhale as you roll back, maintaining ball shape. 4. Exhale as you roll forward, balancing momentarily. 5. Continue rocking rhythmically.",["Core","Back Extensors","Shoulders","Hip Flexors"],Rocking,2023-07-15T10:00:00Z,"Beginners can hold knees for support. Advanced can extend legs slightly as they rock forward.",https://example.com/videos/rocking.mp4
80901020-b0c0-d0e0-f010-123456789035,Pilates,"Collapsing side waist, hiking hips, losing alignment",2023-07-15T10:00:00Z,"The Star is an advanced side-lying exercise that challenges full-body integration, stability, and balance.",Advanced,Mat,"Create length through entire body, engage core throughout, maintain body in one plane",https://example.com/images/the_star.jpg,"1. Lie on side, body in straight line, supporting palm under shoulder. 2. Stack feet, engage core. 3. Press into palm, lift entire body off mat, extending top arm to ceiling. 4. Hold position with control, then lower.",["Obliques","Shoulder Stabilizers","Adductors","Quadratus Lumborum"],The Star,2023-07-15T10:00:00Z,"Master side plank first. Build progressively by starting with bent knees, then advancing to straight leg variations.",https://example.com/videos/the_star.mp4
90102030-c0d0-e0f0-1020-123456789036,Pilates,"Losing spinal length, twisting from shoulders, rounding lower back",2023-07-15T10:00:00Z,"Twist with Open Legs challenges rotational stability while maintaining a strong core and open hip position.",Intermediate,Mat,"Sit tall through spine before twisting, keep hips grounded, initiate rotation from waist",https://example.com/images/twist_open_legs.jpg,"1. Sit with legs spread wide, spine tall. 2. Extend arms to sides at shoulder height. 3. Inhale to prepare. 4. Exhale, rotate torso to one side. 5. Inhale to center. 6. Exhale, rotate to other side.",["Obliques","Spinal Rotators","Adductors (stretch)","Core"],Twist with Open Legs,2023-07-15T10:00:00Z,"Beginners can reduce leg width. Advanced can add forward flexion after each rotation.",https://example.com/videos/twist_open_legs.mp4
10203040-d0e0-f010-2030-123456789037,Pilates,"Hunching shoulders, lifting ribs, not engaging upper back",2023-07-15T10:00:00Z,"Chest Expansion improves posture by strengthening the upper back and opening the chest, promoting better shoulder alignment.",Beginner,Mat,"Draw shoulder blades down back, maintain height through crown of head, keep ribs connected to pelvis",https://example.com/images/chest_expansion.jpg,"1. Kneel tall with knees hip-width apart. 2. Extend arms behind body, palms facing back. 3. Inhale, turn head to one side. 4. Exhale, pull arms back, opening chest. 5. Return head to center, switch sides.",["Rhomboids","Posterior Deltoids","Trapezius","Pectorals (stretch)"],Chest Expansion,2023-07-15T10:00:00Z,"Can be performed seated or standing. Resistance band can be added for increased challenge.",https://example.com/videos/chest_expansion.mp4
20304050-d0e0-f010-2030-123456789038,Pilates,"Dropping hips, sagging shoulders, collapsing chest",2023-07-15T10:00:00Z,"Leg Pull Back strengthens the entire body with emphasis on core, shoulders, glutes and hamstrings.",Advanced,Mat,"Keep body in straight line, engage core throughout, maintain shoulders over wrists",https://example.com/images/leg_pull_back.jpg,"1. Start in reverse plank position, hands under shoulders, body in straight line. 2. Keep shoulders directly over wrists, feet flexed. 3. Lift one leg to hip height without shifting hips. 4. Lower and repeat, then switch legs.",["Core","Shoulder Stabilizers","Glutes","Hamstrings","Triceps"],Leg Pull Back,2023-07-15T10:00:00Z,"Beginners can practice regular plank first. Intermediate can hold position without leg lifts.",https://example.com/videos/leg_pull_back.mp4
30405060-e0f0-1020-3040-123456789039,Pilates,"Straining neck, collapsing chest, using momentum",2023-07-15T10:00:00Z,"Crab is an advanced exercise that combines a backward roll with arm support, challenging coordination and strength.",Advanced,Mat,"Keep movements controlled, coordinate breath with movement, maintain C-curve when appropriate",https://example.com/images/crab.jpg,"1. Start seated, knees bent, feet flat, hands behind shoulders with fingers pointing toward hips. 2. Lift hips into table top position. 3. Roll back, extending legs overhead. 4. Roll forward, returning to tabletop position. 5. Lower to start position.",["Core","Shoulder Stabilizers","Wrist Flexors","Spinal Articulators"],Crab,2023-07-15T10:00:00Z,"Master shoulder bridge and rolling exercises first. Use controlled movements throughout.",https://example.com/videos/crab.mp4
40506070-f010-2030-4050-123456789040,Pilates,"Losing torso stability, lifting shoulders, losing alignment",2023-07-15T10:00:00Z,"Hip Twist with Stretched Arms challenges oblique strength and coordination while maintaining a stable upper body.",Intermediate,Mat,"Keep shoulders down, spine long, initiate movement from deep core muscles",https://example.com/images/hip_twist_stretched_arms.jpg,"1. Sit tall, legs extended and together at 45 degrees, arms stretched forward at shoulder height. 2. Keeping torso stable, circle both legs together to one side, down, across, and back up. 3. Reverse direction. Maintain stability throughout.",["Obliques","Transverse Abdominis","Hip Flexors","Core"],Hip Twist with Stretched Arms,2023-07-15T10:00:00Z,"Beginners can bend knees slightly. Advanced can lower legs closer to mat during circles.",https://example.com/videos/hip_twist_stretched_arms.mp4
50607080-1020-3040-5060-123456789041,Pilates,"Rounding from lower back, hunching shoulders, forcing rotation",2023-07-15T10:00:00Z,"Spine Stretch with Rotation combines forward flexion with spinal rotation, enhancing mobility and lateral flexibility.",Intermediate,Mat,"Sit tall before initiating movement, lengthen through crown of head, rotate from waist not shoulders",https://example.com/images/spine_stretch_rotation.jpg,"1. Begin in Spine Stretch position (seated, legs extended wide, arms forward). 2. Inhale to prepare. 3. Exhale, roll down through spine, reaching forward. 4. At bottom of stretch, rotate torso to one side. 5. Return to center, roll up. 6. Repeat to other side.",["Spinal Flexors","Spinal Rotators","Hamstrings","Obliques"],Spine Stretch with Rotation,2023-07-15T10:00:00Z,"Master basic Spine Stretch Forward first. Keep reach forward before adding rotation.",https://example.com/videos/spine_stretch_rotation.mp4
60708090-2030-4050-6070-123456789042,Pilates,"Overarching lower back, squeezing glutes, lifting shoulders",2023-07-15T10:00:00Z,"Shoulder Bridge strengthens the posterior chain while mobilizing the spine through articulated movement.",Beginner/Intermediate,Mat,"Press into feet evenly, roll spine one vertebra at a time, keep knees parallel throughout",https://example.com/images/shoulder_bridge.jpg,"1. Lie on back with knees bent, feet flat, arms along sides. 2. Inhale to prepare. 3. Exhale, tuck pelvis and roll spine off mat vertebra by vertebra until weight is on shoulders. 4. Inhale at top. 5. Exhale, articulate spine down to mat.",["Glutes","Hamstrings","Spinal Articulators","Core"],Shoulder Bridge,2023-07-15T10:00:00Z,"Beginners focus on proper pelvic placement. Intermediate can add leg extensions. Advanced can perform with arms overhead.",https://example.com/videos/shoulder_bridge.mp4
70809010-3040-5060-7080-123456789043,Pilates,"Winging scapulae, sinking chest, using momentum",2023-07-15T10:00:00Z,"Push Up to Side Plank combines upper body strength with rotational stability for a full-body challenge.",Advanced,Mat,"Stack joints (shoulders over wrists, hips over ankles), engage core before rotation, maintain neutral spine",https://example.com/images/pushup_side_plank.jpg,"1. Begin in plank position, hands under shoulders. 2. Lower into push-up. 3. Press up, shifting weight to one arm while rotating torso and extending opposite arm to ceiling. 4. Return to plank and repeat on other side.",["Pectorals","Triceps","Deltoids","Obliques","Core"],Push Up to Side Plank,2023-07-15T10:00:00Z,"Intermediate can perform from knees. Master push-up and side plank separately before combining.",https://example.com/videos/pushup_side_plank.mp4
80901020-4050-6070-8090-123456789044,Pilates,"Jutting chin, hunching back, hiking shoulders",2023-07-15T10:00:00Z,"Forward Spine Stretch on Elbows improves spinal articulation while maintaining stability in the shoulder girdle.",Intermediate,Mat,"Draw shoulder blades down back, maintain connection from ribs to pelvis, keep navel drawn in",https://example.com/images/spine_stretch_elbows.jpg,"1. Sit tall with legs extended wide, place forearms on mat in front of you, elbows under shoulders. 2. Inhale to prepare. 3. Exhale, curl spine forward leading with crown of head. 4. Inhale at full extension. 5. Exhale, roll back up to tall spine.",["Spinal Flexors","Shoulder Stabilizers","Hamstrings (stretch)","Core"],Forward Spine Stretch on Elbows,2023-07-15T10:00:00Z,"Beginners can place elbows on elevated surface. Advanced can increase range by placing elbows further forward.",https://example.com/videos/spine_stretch_elbows.mp4
90102030-5060-7080-9010-123456789045,Pilates,"Collapsing into passive stretch, rounding shoulders, dropping head",2023-07-15T10:00:00Z,"Mermaid with Rotation is a side-bending exercise that adds rotation to enhance thoracic mobility and lateral flexibility.",Intermediate,Mat,"Maintain length through both sides of torso, keep hips grounded, breathe into the stretching side",https://example.com/images/mermaid_rotation.jpg,"1. Sit in Z-sit position (one leg bent in front, one behind). 2. Place hand on floor beside hip, other arm extended overhead. 3. Side-bend toward floor hand. 4. Add rotation of chest and arm upward. 5. Return to center and repeat.",["Obliques","Quadratus Lumborum","Intercostals","Spinal Rotators"],Mermaid with Rotation,2023-07-15T10:00:00Z,"Practice basic Mermaid first. Those with knee issues can sit cross-legged or with both legs to one side.",https://example.com/videos/mermaid_rotation.mp4
10203040-6070-8090-1020-123456789046,Pilates,"Hyperextending knees, dropping head, shortening side waist",2023-07-15T10:00:00Z,"Side Splits enhances hamstring flexibility, hip mobility, and core control while moving between wide leg positions.",Intermediate,Mat,"Keep spine neutral, engage core throughout, distribute weight evenly between sitting bones",https://example.com/images/side_splits.jpg,"1. Sit tall with legs extended in V-position. 2. Inhale, articulate forward from hips keeping spine long. 3. Exhale, close legs together. 4. Inhale, open legs to sides again. 5. Exhale, roll back up to tall spine.",["Adductors","Hamstrings","Core","Hip Flexors"],Side Splits,2023-07-15T10:00:00Z,"Reduce range of motion if tight hamstrings. Add arm variations for increased challenge.",https://example.com/videos/side_splits.mp4
20304050-7080-9010-2030-123456789047,Pilates,"Rocking pelvis, scrunching shoulders, kicking with momentum",2023-07-15T10:00:00Z,"Bicycle strengthens the abdominals and hip flexors while improving coordination and core control.",Beginner/Intermediate,Mat,"Keep lower back pressed into mat, maintain stable pelvis, coordinate breath with movement",https://example.com/images/pilates_bicycle.jpg,"1. Lie on back, hands behind head, elbows wide, knees over hips. 2. Extend one leg while rotating upper body to bring opposite elbow toward bent knee. 3. Switch sides in fluid bicycle pedaling motion, maintaining core engagement.",["Rectus Abdominis","Obliques","Hip Flexors","Quadriceps"],Bicycle,2023-07-15T10:00:00Z,"Beginners can keep movement smaller with knees higher. Advanced can extend legs lower.",https://example.com/videos/pilates_bicycle.mp4
30405060-8090-1020-3040-123456789048,Pilates,"Breaking at waist, collapsing chest, bending elbows",2023-07-15T10:00:00Z,"Saw adds rotation to a forward bend, combining flexibility work with spinal mobility.",Intermediate,Mat,"Sit tall through spine before initiating movement, rotate from waist, reach through little finger",https://example.com/images/saw.jpg,"1. Sit tall with legs extended wide, arms out to sides at shoulder height. 2. Rotate torso to one side. 3. Bend forward, reaching outside hand past opposite foot like a saw. 4. Roll up and repeat to other side.",["Hamstrings","Obliques","Spinal Rotators","Adductors"],Saw,2023-07-15T10:00:00Z,"Bend knees if hamstrings are tight. Emphasize rotation before bending forward.",https://example.com/videos/saw.mp4
40506070-9010-2030-4050-123456789049,Pilates,"Crunching neck, using momentum, lifting shoulders",2023-07-15T10:00:00Z,"Criss Cross is a targeted oblique exercise that combines rotation with a classic abdominal crunch.",Intermediate,Mat,"Initiate rotation from waist not shoulders, maintain stable pelvis, keep elbows wide",https://example.com/images/criss_cross.jpg,"1. Lie on back with hands behind head, knees bent over hips. 2. Lift head and shoulders off mat. 3. Rotate upper body, bringing right elbow toward left knee as right leg extends. 4. Switch sides in controlled manner.",["Obliques","Rectus Abdominis","Hip Flexors","Transverse Abdominis"],Criss Cross,2023-07-15T10:00:00Z,"Beginners can keep both knees bent, rotating torso only. Advanced can extend legs lower.",https://example.com/videos/criss_cross.mp4
50607080-1020-3040-5060-123456789050,Pilates,"Lifting shoulders, using momentum, straining neck",2023-07-15T10:00:00Z,"Heel Beats strengthens hamstrings and glutes in a prone position while maintaining upper body stability.",Intermediate,Mat,"Keep upper body stable, engage core throughout, use control not momentum",https://example.com/images/heel_beats.jpg,"1. Lie prone with forehead on stacked hands, legs straight. 2. Engage abdominals, lift both legs slightly off mat. 3. Beat heels together and apart in quick, controlled pulses. 4. Maintain neutral spine throughout.",["Hamstrings","Gluteal Complex","Adductors","Lower Back Extensors"],Heel Beats,2023-07-15T10:00:00Z,"Beginners keep legs lower. Advanced can increase leg height or duration of exercise.",https://example.com/videos/heel_beats.mp4
60708090-2030-4050-6070-123456789051,Pilates,"Losing pointed feet, breaking at waist, collapsing chest",2023-07-15T10:00:00Z,"Scissors challenges core strength and hip flexibility through controlled leg exchanges in an inverted position.",Advanced,Mat,"Support lower back with hands, maintain stable shoulder base, coordinate breath with movement",https://example.com/images/scissors.jpg,"1. Lie on back, lift legs and hips, supporting lower back with hands. 2. Scissor legs, bringing one toward face and extending other toward ceiling. 3. Pulse twice, then switch leg positions with control. 4. Continue alternating.",["Abdominals","Hip Flexors","Hamstrings","Shoulder Stabilizers"],Scissors,2023-07-15T10:00:00Z,"Requires strong core and shoulder stability. Master other inverted exercises first.",https://example.com/videos/scissors.mp4
70809010-3040-5060-7080-123456789052,Pilates,"Swaying torso, tucking pelvis, hyperextending knees",2023-07-15T10:00:00Z,"Standing Roll Down improves spinal articulation and hamstring flexibility while teaching proper hip hinging.",Beginner,Mat,"Initiate movement from head, roll down vertebra by vertebra, keep weight centered over feet",https://example.com/images/standing_roll_down.jpg,"1. Stand tall with feet hip-width apart, arms at sides. 2. Inhale to prepare. 3. Exhale, nod chin and roll down through spine vertebra by vertebra. 4. Inhale at bottom, allowing knees to bend if needed. 5. Exhale, roll back up to standing.",["Spinal Articulation","Hamstrings","Core","Erector Spinae"],Standing Roll Down,2023-07-15T10:00:00Z,"Bend knees as needed for tight hamstrings. Advanced can add arm variations or perform near wall.",https://example.com/videos/standing_roll_down.mp4
80901020-4050-6070-8090-123456789053,Pilates,"Holding breath, gripping neck, using momentum",2023-07-15T10:00:00Z,"Curl Up is a focused abdominal exercise that teaches proper spinal flexion and core activation.",Beginner,Mat,"Draw navel to spine, keep neck long, focus on abdominal connection",https://example.com/images/curl_up.jpg,"1. Lie on back with knees bent, feet flat, hands behind head. 2. Inhale to prepare. 3. Exhale, curl upper body off mat leading with chest (not chin). 4. Inhale, lower with control.",["Rectus Abdominis","Transverse Abdominis","Obliques"],Curl Up,2023-07-15T10:00:00Z,"Emphasis on quality over quantity. Advanced can add rotation or leg extensions.",https://example.com/videos/curl_up.mp4
90102030-5060-7080-9010-123456789063,Pilates,"Lifting shoulders, straining neck, losing form over time",2023-07-15T10:00:00Z,"Spine Corrector Series combines spinal extension, flexion, and rotation on a specialized arc-shaped apparatus or foam roller.",Intermediate,Spine Corrector or Foam Roller,"Maintain connection between ribs and pelvis, focus on articulating through each vertebra, breathe into movement",https://example.com/images/spine_corrector_series.jpg,"1. Begin seated on apex of spine corrector, knees bent. 2. Roll back over arc, extending spine. 3. Return to seated. 4. Perform variations including side bends, rotations, and extensions as prescribed.",["Spinal Extensors","Spinal Flexors","Abdominals","Intercostals"],Spine Corrector Series,2023-07-15T10:00:00Z,"Can be modified using a foam roller. Adapt range of motion based on spinal flexibility.",https://example.com/videos/spine_corrector_series.mp4
10203040-6070-8090-1020-123456789064,Pilates,"Shifting weight unevenly, gripping with toes, compromising alignment",2023-07-15T10:00:00Z,"Foot Exercises strengthen the intrinsic muscles of the feet while improving balance and alignment from the ground up.",Beginner,Small Ball or Towel,"Focus on articulation through toes and arches, maintain ankle stability, keep rest of body aligned",https://example.com/images/foot_exercises.jpg,"1. Sit tall or stand with good posture. 2. Perform sequence of foot exercises: toe spreading, point-flex, ankle circles, towel gathering, and marble pickup. 3. Focus on isolation and controlled movement.",["Intrinsic Foot Muscles","Tibialis Anterior","Peroneals","Plantar Fascia"],Foot Exercises,2023-07-15T10:00:00Z,"Can be performed seated or standing. Add resistance with bands or weights for progression.",https://example.com/videos/foot_exercises.mp4
20304050-7080-9010-2030-123456789065,Pilates,"Sinking in lower back, protruding ribs, bending knees too much",2023-07-15T10:00:00Z,"Wall Series uses the wall as feedback for proper alignment while strengthening the core and improving posture.",Beginner,Wall,"Press entire back against wall, maintain neutral pelvis, keep shoulders relaxed",https://example.com/images/wall_series.jpg,"1. Stand with back against wall, feet hip-width apart and slightly forward. 2. Perform exercises including wall rolls, arm circles, heel raises, and small squats. 3. Maintain contact with wall throughout for alignment feedback.",["Core","Postural Muscles","Lower Body","Upper Body"],Wall Series,2023-07-15T10:00:00Z,"Excellent for beginners and those with back issues. Progress by adding resistance or balance challenges.",https://example.com/videos/wall_series.mp4
30405060-8090-1020-3040-123456789066,Pilates,"Breaking wrists, sinking in shoulders, popping ribs",2023-07-15T10:00:00Z,"Plank Variations challenge core strength and full-body integration through multiple plank positions and transitions.",Intermediate/Advanced,Mat,"Keep shoulders over wrists, engage abdominals throughout, maintain long line from head to heels",https://example.com/images/plank_variations.jpg,"1. Begin in standard plank position. 2. Progress through variations including: forearm plank, side plank, plank with leg lift, and plank with arm reach. 3. Focus on stability and control during transitions.",["Core","Shoulder Stabilizers","Hip Stabilizers","Serratus Anterior"],Plank Variations,2023-07-15T10:00:00Z,"Modify by dropping to knees for each variation. Advanced can add dynamic movements or unstable surfaces.",https://example.com/videos/plank_variations.mp4
40506070-9010-2030-4050-123456789067,Pilates,"Tucking pelvis, locking knees, gripping shoulders",2023-07-15T10:00:00Z,"Pelvic Curl is a fundamental exercise that teaches proper pelvic-lumbar articulation and core activation.",Beginner,Mat,"Initiate movement from tailbone, articulate through each vertebra, maintain width across collarbones",https://example.com/images/pelvic_curl.jpg,"1. Lie on back with knees bent, feet flat, arms along sides. 2. Inhale to prepare. 3. Exhale, tilt pelvis to flatten lower back, then continue rolling up vertebra by vertebra to bridge position. 4. Inhale at top. 5. Exhale, roll down one vertebra at a time.",["Abdominals","Glutes","Hamstrings","Spinal Articulators"],Pelvic Curl,2023-07-15T10:00:00Z,"Focus on articulation rather than height. Great preparation for more advanced bridging exercises.",https://example.com/videos/pelvic_curl.mp4
50607080-1020-3040-5060-123456789068,Pilates,"Hiking shoulders, holding breath, moving too quickly",2023-07-15T10:00:00Z,"Push Through is a classical Pilates exercise typically performed on the Cadillac but adaptable to mat work with modifications.",Advanced,Mat (or Cadillac),"Keep shoulder blades stable, engage abdominals throughout, coordinate breath with movement",https://example.com/images/push_through.jpg,"1. Lie on back with legs in tabletop position. 2. Extend arms toward ceiling. 3. Simultaneously extend legs forward and arms overhead, creating a long line. 4. Return to starting position with control.",["Abdominals","Lats","Shoulder Stabilizers","Hip Flexors"],Push Through,2023-07-15T10:00:00Z,"On mat, beginners can keep knees bent. On Cadillac, work with instructor for proper spring tension.",https://example.com/videos/push_through.mp4
60708090-2030-4050-6070-123456789069,Pilates,"Losing hip alignment, arching lower back, using momentum",2023-07-15T10:00:00Z,"Grasshopper is an advanced prone exercise that challenges back strength, hamstring flexibility, and balance.",Advanced,Mat,"Press pubic bone into mat, engage abdominals to support lower back, reach through fingertips and toes",https://example.com/images/grasshopper.jpg,"1. Lie prone with arms extended overhead. 2. Simultaneously lift arms, chest, and legs off mat. 3. Hold position, then add small rocking movement forward and back. 4. Maintain length and control throughout.",["Erector Spinae","Gluteal Complex","Hamstrings","Shoulder Extensors"],Grasshopper,2023-07-15T10:00:00Z,"Master swan and swimming before attempting. Support lower back with pillow under hips if needed.",https://example.com/videos/grasshopper.mp4
70809010-3040-5060-7080-123456789070,Pilates,"Hyperextending knees, collapsing through upper back, losing balance",2023-07-15T10:00:00Z,"Standing Leg Pumps strengthen the lower body while challenging balance and core stability in an upright position.",Intermediate,Mat,"Maintain vertical alignment, engage standing leg fully, keep hips level",https://example.com/images/standing_leg_pumps.jpg,"1. Stand tall with weight on one leg. 2. Extend other leg forward, slightly off floor. 3. Pump extended leg up and down in small, controlled movements. 4. Maintain stable upper body throughout. 5. Repeat on other side.",["Quadriceps","Hamstrings","Core","Balance"],Standing Leg Pumps,2023-07-15T10:00:00Z,"Use wall or chair for support if needed. Advanced can add arm movements or close eyes.",https://example.com/videos/standing_leg_pumps.mp4
80901020-4050-6070-8090-123456789071,Pilates,"Rounding shoulders, jutting chin, losing core engagement",2023-07-15T10:00:00Z,"Seated Twist with Leg Extension combines spinal rotation with leg articulation for a comprehensive core challenge.",Intermediate,Mat,"Sit tall before initiating twist, keep shoulders down, extend leg with control",https://example.com/images/seated_twist_leg.jpg,"1. Sit tall with knees bent, feet flat. 2. Place hands behind head, elbows wide. 3. Rotate torso to one side. 4. Simultaneously extend opposite leg. 5. Return to center and repeat on other side.",["Obliques","Rectus Abdominis","Hip Flexors","Quadriceps"],Seated Twist with Leg Extension,2023-07-15T10:00:00Z,"Beginners can keep both feet on floor. Advanced can lift extended leg higher.",https://example.com/videos/seated_twist_leg.mp4
90102030-5060-7080-9010-123456789072,Pilates,"Using momentum, losing spinal alignment, hunching shoulders",2023-07-15T10:00:00Z,"Thread the Needle is a rotational exercise that targets the obliques while providing a gentle stretch for the shoulders and upper back.",Beginner/Intermediate,Mat,"Start in stable quadruped position, move with control, breathe into rotation",https://example.com/images/thread_the_needle.jpg,"1. Begin in quadruped position (hands and knees). 2. Extend one arm to the side, then up toward ceiling. 3. Rotate torso, threading arm under body and reaching to opposite side. 4. Return to extended position, then repeat on other side.",["Obliques","Spinal Rotators","Shoulder Mobility","Thoracic Spine"],Thread the Needle,2023-07-15T10:00:00Z,"Focus on rotation rather than stretch. Can be modified by performing from forearms for wrist sensitivity.",https://example.com/videos/thread_the_needle.mp4 
